Author,Date,Region,Sentence,initial_translation,feedback,modern_translation
Brunetto Latini,1260-61,fior.,"quella guerra ben fatta l' opera perché etc. Et dall' altra parte Aiaces era uno cavaliere franco e prode all' arme, di gran guisa, ma non era pieno di grande senno","Quella guerra era l'opera perché etc. Dall'altra parte, Aiace era un cavaliere francese e valoroso con l'arma, dotato di grande abilità, ma non era ricco di grande saggezza.","La valutazione critica della traduzione proposta rispetto alla frase originale (italiano arcaico) è la seguente:

1. **Significato**: La traduzione ha mantenuto il significato generale della frase originale, ma manca alcune informazioni chiave. Ad esempio, ""l' opera perché"" è un'espressione che si riferisce al risultato di una guerra, ma la traduzione non lo chiarisce. Inoltre, ""Aiaces"" è rimasto invariato, mentre sarebbe più appropriato tradurlo come ""Aias"", il nome greco corretto. Tuttavia, la frase principale sembra essere stata correttamente tradotta.

2. **Grammatica**: La frase è grammaticalmente corretta, ma manca di alcuni elementi che renderebbero la lingua più fluida e naturale. Per esempio, la punteggiatura potrebbe essere migliorata.

3. **Lessico e struttura sintattica**: Il lessico è adatto a un lettore contemporaneo italiano, ma la struttura sintattica potrebbe essere migliore. La frase è stata ridimensionata e sembra meno complessa del testo originale.

4. **Termini arcaici**: I termini arcaici sono stati sostituiti con termini moderni appropriati, ma ci sono ancora alcuni dettagli che potrebbero essere migliorati. Ad esempio, ""franco"" è un termine moderno, ma ""cavaliere"" è un termine arcaico che potrebbe essere sostituito con ""guerriero"".

5. **Tono e stile**: Il tono è moderno e scorrevole, ma manca di qualcosa di specifico che caratterizza il tono arcaico. La frase sembra più informale del testo originale.

6. **Costrutti rigidi**: Non ci sono costrutti rigidi o troppo fedeli all'originale antico, ma ci sono alcuni dettagli che potrebbero essere migliorati per mantenere un tono più arcaico.

7. **Riferimenti storici e culturali**: Il riferimento a Aiace come cavaliere francese è corretto, ma potrebbe essere più chiaro. Potrebbe essere utile precisare che Aiace è un personaggio mitologico greco.

8. **Saggezza**: Il termine ""saggezza"" è stato correttamente sostituito con ""saggezza"", ma ""senno"" è stato sostituito con ""saggezza"". Questo potrebbe essere un errore, dato che ""senno"" è un termine più appropriato per descrivere la capacità di fare buone decisioni.

In conclusione, la traduzione è buona ma può essere migliorata in alcuni punti. È necessario mantenere un equilibrio tra la preservazione del significato e la naturalezza del linguaggio moderno.","Quella guerra era l'opera perché etc. Dall'altra parte, Aias era un guerriero greco e valoroso armato, dotato di grande abilità, ma non era ricco di grande senno."
Simintendi,1333,tosc.,Ecco e larghi ventipiovoli caggiono delle risolute nebbie; e potresti credere che tutto il cielo cadesse nel mare,Ecco larghe vallate di nubi risolute; e potresti quasi credere che tutto il cielo precipitasse nel mare.,"La valutazione critica della traduzione proposta è la seguente:

1. **Significato**: Il significato della frase originale è stato rispettato. La traduzione mantiene l'idea di vasti spazi di nubi solide e la sensazione di un cielo che sembra cadere sul mare. Tuttavia, ""larghi ventipiovoli caggiono"" può essere considerato un po' ambiguo, mentre ""larghe vallate di nubi risolute"" è più chiara e precisa.

2. **Grammatica**: La frase è grammaticalmente corretta. Il tempo verbale è corretto, la punteggiatura è adeguata e i concordi morfologici sono corretti.

3. **Lessico e struttura sintattica**: Il lessico è naturale e adatto a un lettore contemporaneo italiano. La struttura sintattica è semplice e facile da leggere. Tuttavia, ""caggiono"" è un termine arcaico che non è più utilizzato, quindi la traduzione migliora questa parte.

4. **Termini arcaici**: ""Caggiono"" è stato correttamente sostituito con ""vallate"", ma ""nebbie"" rimane un termine arcaico. In italiano moderno, si userebbe ""nuvole"" invece.

5. **Tono e stile**: Il tono è moderno e scorrevole, simile a un testo scritto oggi. Tuttavia, la frase potrebbe apparire un po' troppo formale per un contesto moderno, dato che usa termini archaici.

6. **Costrutti rigidi**: Non sono stati presenti costrutti rigidi o impersonali. La traduzione è diretta e immediata.

7. **Riferimenti storici e culturali**: Il riferimento alla natura delle nubi e al loro effetto suggerito sul cielo e sul mare è stato correttamente interpretato e adattato al contesto moderno.

**Punteggio finale**: 8/10

La traduzione è molto buona, ma potrebbe essere migliorata ulteriormente eliminando ""nebbie"" e sostituendola con ""nuvole"". Questo piccolo aggiustamento renderebbe la frase ancora più moderna e facile da comprendere per un lettore contemporaneo.","""Ecco larghe vallate di nuvole risolute; e potresti quasi credere che tutto il cielo precipitasse nel mare."""
Agostino da Scarperia (?),1390,tosc.,"Però che or chi spererebbe quello che eziandio questi che non vogliono ancora credere in Cristo, già veggiono con noi, e perché nol possono negare, stridono colli denti.","Però, chi spererebbe qualcosa che anche quelli che ancora non credono in Cristo vedono con noi, e perché non possono negarlo, strillano con le loro labbra.","Per valutare questa traduzione, esamineremo attentamente i punti richiesti:

1. **Significato**: 
   - La traduzione ha mantenuto il significato generale della frase originale, ma c'è una certa distorsione. L'idea che ""quelli che non vogliono ancora credere in Cristo"" vedano con noi è un po' ambigua e potrebbe essere interpretata come un errore. Inoltre, l'uso del verbo ""vedono"" potrebbe non essere il più appropriato, dato che l'originale sembra suggerire un'esperienza visiva più intensa.

2. **Grammatica**:
   - La frase è grammaticalmente corretta, ma alcuni elementi potrebbero essere migliorati. Ad esempio, ""stridono colli denti"" potrebbe essere più chiaro come ""strillano con le loro labbra"".

3. **Lessico e struttura sintattica**:
   - Il lessico è adatto a un lettore contemporaneo italiano, ma la struttura sintattica potrebbe essere più fluida. La frase è complessa e potrebbe essere più semplice.

4. **Sostituzione dei termini arcaici**:
   - Non ci sono termini arcaici o non più in uso nella traduzione.

5. **Tono e stile**:
   - Il tono è moderno e scorrevole, ma potrebbe essere più fluido. Il termine ""strillano"" può essere meno specifico rispetto a ""stridono colli denti"".

6. **Costrutti rigidi, impersonali o fedeli all'originale**:
   - Il tono è più personale e immediato, ma potrebbe essere più fedele all'originale se si volesse mantenere un certo livello di formalità.

7. **Riferimenti storici, culturali o semantici**:
   - Il riferimento alla visione con noi è stato adeguatamente interpretato, ma potrebbe essere più chiaro. Il riferimento a ""non possono negarlo"" sembra più legato alla volontà che alla capacità, quindi potrebbe essere più chiaro.

**Valutazione finale**:
La traduzione è buona, ma non perfetta. Ha mantenuto il significato generale e la struttura sintattica è corretta. Tuttavia, la struttura sintattica potrebbe essere più fluida, il tono più immediato e il riferimento alla visione potrebbe essere più chiaro. Potrebbe essere utile aggiungere qualche parola per rendere la frase più precisa e fluida.","Però, chi spererebbe qualcosa che anche quelli che ancora non vogliono credere in Cristo vedono con noi, e perché non possono negarlo, stridono colli denti con le loro labbra."
Brunetto Latini,1260-61,fior.,Gli uomini spessamente a stare fermi nella bugia incontra la verità.,Gli uomini spesso finiscono per incontrare la verità mentre sono impegnati a mentire.,"Per valutare questa traduzione, esamineremo attentamente tutti gli aspetti richiesti:

1. **Significato**: Il significato della frase originale è stato mantenuto. ""Gli uomini spessamente a stare fermi nella bugia"" si traduce correttamente come ""Gli uomini spesso finiscono per mentire"", mantenendo il senso di ripetizione e persistenza nel mentire. ""Incontro la verità"" diventa ""incontrano la verità"", che è più fluido e naturale in italiano moderno.

2. **Grammatica**: La frase è grammaticalmente corretta. Il tempo verbale è corretto (""finiscono per incontrare""), la punteggiatura è adeguata e l'accordo morfologico è corretto.

3. **Lessico e struttura sintattica**: Il lessico è moderno e adatto a un lettore contemporaneo italiano. La struttura sintattica è più fluida e semplice, riducendo la complessità del linguaggio arcaico.

4. **Sostituzione dei termini arcaici**: I termini arcaici sono stati sostituiti con equivalenti moderni appropriati. ""Bugia"" è stato sostituito con ""bugiardo"" e ""mentire"", rendendo il testo più facile da comprendere per un lettore moderno.

5. **Tono e stile**: Il tono è moderno e scorrevole, simile a un testo scritto oggi. Il testo è più diretto e immediato rispetto alla versione arcaica.

6. **Costrutti rigidi e fedeltà all'originale**: Non ci sono costrutti rigidi o troppo fedeli all'originale. La traduzione è più fluida e diretta, ma mantiene il significato essenziale.

7. **Riferimenti storici e culturali**: Il riferimento alla ""verità"" è stato interpretato correttamente e adattato al contesto moderno. Il testo non ha riferimenti specifici storici o culturali che potrebbero essere difficili da comprendere per un lettore moderno.

**Valutazione finale**: 9/10

La traduzione è molto buona, ma c'è un piccolo punto di miglioramento. Potrebbe essere ancora più fluida eliminando alcune parole che non sono necessarie per il significato, come ""spessamente"" e ""fermi"". Tuttavia, la traduzione rispetta il significato, è grammaticalmente corretta, e mantiene un tono moderno e scorrevole.",Gli uomini finiscono per incontrare la verità mentre sono impegnati a mentire.
Arte Am. Ovid. (B),1310/13,fior.,"Io mi ricordo (ch. 347) che essendo adirato scapigliai la mia donna. Ohi, quanti dì questa ira mi tolse!","Mi ricordo (cap. 347) che, infuriato, ho tagliato la mia donna con la scapigliatura. Oh, quanti giorni questa ira mi ha tolto!","La valutazione critica della traduzione proposta è la seguente:

1. **Significato**: Il significato della frase originale è stato rispettato. Tuttavia, ci sono alcune sfumature che potrebbero essere state meno chiare nella versione arcaica. Ad esempio, ""essendo adirato"" può essere interpretato come ""mentre ero arrabbiato"", mentre ""scapigliatura"" è un termine più moderno rispetto al termine arcaico ""scapigliata"" utilizzato nella traduzione. Tuttavia, il significato generale è mantenuto.

2. **Grammatica**: La frase è grammaticalmente corretta. Tuttavia, l'uso del verbo ""ho tagliato"" invece di ""scapigliata"" potrebbe essere considerato un po' troppo moderno per la struttura arcaica. Inoltre, la punteggiatura è adeguata, ma potrebbe essere migliorata per rendere la frase più fluida.

3. **Lessico e struttura sintattica**: Il lessico è naturale e adatto a un lettore contemporaneo italiano. Tuttavia, la struttura sintattica potrebbe essere un po' più fluida. L'uso di ""ho tagliato"" anziché ""scapigliata"" potrebbe essere più chiaro e moderno.

4. **Termini arcaici**: I termini arcaici sono stati sostituiti con termini moderni appropriati. ""Scapigliata"" è stato sostituito con ""scapigliatura"", che è un termine più moderno e comune.

5. **Tono e stile**: Il tono e lo stile sono moderni, scorrevoli e simili a un testo scritto oggi. Tuttavia, potrebbe essere utile un po' di variazione per mantenere un'atmosfera arcaica.

6. **Costrutti rigidi**: Non sono stati evitati costrutti rigidi, impersonali o troppo fedeli all'originale antico. Tuttavia, la traduzione cerca di mantenere un'atmosfera arcaica.

7. **Riferimenti storici e culturali**: I riferimenti storici e culturali sono stati interpretati correttamente e adattati al contesto. Tuttavia, potrebbe essere utile un po' di chiarimento sul significato di ""scapigliatura"" per un lettore moderno.

**Punti da migliorare**:
- Potrebbe essere utile un po' di variazione nella struttura sintattica per mantenere un'atmosfera arcaica.
- Potrebbe essere meglio utilizzare ""scapigliata"" anziché ""scapigliatura"" per mantenere un'atmosfera arcaica.
- Potrebbe essere utile un po' di chiarimento sul significato di ""scapigliatura"".

**Punti positivi**:
- Il significato è stato rispettato.
- La grammatica è corretta.
- Il lessico è naturale e adatto a un lettore contemporaneo italiano.
- I termini arcaici sono stati sostituiti con termini moderni appropriati.
- Il tono e lo stile sono moderni, scorrevoli e simili a un testo scritto oggi.

In conclusione, la traduzione è di alta qualità e rispetta i requisiti richiesti, ma potrebbe essere migliorata per mantenere un'atmosfera arcaica più chiara e fluid","Mi ricordavo (cap. 347) che, essendo adirato, avevo tagliato la mia donna con la scapigliata. Oh, quanti giorni questa ira mi ha tolto!"
Ceffi,1325,fior.,"Creti?  Certo quand'elli si mosse, elli ti dixe: ""O fedele mia donna, fa' che in mio luogo ti sia racomandato il nostro hoste troiano"".","Cretese? Certamente quando si mosse, disse a te: ""O mia fedele donna, fa' che in mio posto il nostro eroe troiano ti sia raccomandato"".","La traduzione proposta risponde bene a molte delle esigenze richieste nella valutazione, ma ci sono alcune piccole correzioni e miglioramenti che potrebbero essere introdotti per rendere la traduzione ancora più naturale e adeguata al contesto moderno:

1. **Significato**: Il significato della frase originale è stato rispettato, mantenendo l'essenza del messaggio. Tuttavia, alcuni dettagli possono essere ulteriormente chiariti per rendere la frase più fluida.

2. **Grammatica**: La frase è grammaticalmente corretta, ma potrebbe essere migliorata per una maggiore fluidezza. Ad esempio, ""fa' che"" potrebbe essere sostituito con ""che"" per una forma più semplice e diretta.

3. **Lessico e struttura sintattica**: Il lessico è adatto a un lettore contemporaneo italiano, ma potrebbe essere ulteriormente riformulato per una maggiore naturalezza. Ad esempio, ""troiano"" potrebbe essere sostituito con ""griego"" per un tono più specifico.

4. **Termini arcaici**: I termini arcaici sono stati sostituiti con termini moderni appropriati, ma potrebbero essere ulteriormente riformulati per una maggiore fluidità. Ad esempio, ""hoste"" potrebbe essere cambiato in ""eroe"".

5. **Tono e stile**: Il tono e lo stile sono moderni, scorrevoli e simili a un testo scritto oggi. Tuttavia, potrebbe essere utile aggiungere un po' di variazione per mantenere l'interesse del lettore.

6. **Costrutti rigidi**: I costrutti rigidi sono stati evitati, mantenendo un tono più moderno e diretto.

7. **Riferimenti storici e culturali**: I riferimenti storici e culturali sono stati interpretati correttamente e adattati al contesto. Tuttavia, potrebbe essere utile fornire un breve commento sul significato storico del termine ""troiano"" per chi non ne ha conoscenza diretta.

**Valutazione finale**:
- **Significato**: 5/5 - Rispetta completamente il significato originale.
- **Grammatica**: 4/5 - È corretta, ma potrebbe essere ulteriormente riformulata per maggiore fluidezza.
- **Lessico e struttura sintattica**: 4/5 - È adatto, ma potrebbe essere ulteriormente riformulato per maggiore naturalezza.
- **Termini arcaici**: 5/5 - Sostituiti con termini moderni appropriati.
- **Tono e stile**: 4/5 - È moderno e scorrevole, ma potrebbe essere ulteriormente variato.
- **Costrutti rigidi**: 5/5 - Evitati.
- **Riferimenti storici e culturali**: 5/5 - Interpretati correttamente e adattati al contesto.

In conclusione, la traduzione è molto buona, ma potrebbe essere ulteriormente migliorata per raggiungere un livello perfetto di naturalezza e fluidità.","Cretese? Certamente, quando si mosse, disse a te: ""O mia fedele donna, che nel mio posto il nostro eroe greco ti sia raccomandato""."
Valerio Massimo (red. V1,1336,fior.,"A Milano fue ripressa la malvagità d' una donna in simile bugìa, nel tempo medesimo di questo signore della republica, in questo modo: ","A Milano era stata scontata la maldicenza di una donna tramite una simile bugia, nello stesso periodo del signore della repubblica, in questo modo:","Per valutare questa traduzione, diamo attenzione ai punti specificati:

1. **Significato**: Il significato della frase originale è stato rispettato. Tuttavia, ""malvagità"" e ""bugia"" sono termini che potrebbero essere più precisamente tradotti come ""maldicenza"" e ""bugia"" rispettivamente, dato il contesto. ""Ripresa"" può essere interpretato come ""scontata"", ma ""rimossa"" o ""eliminata"" potrebbe essere più chiaro. 

2. **Grammatica**: La frase è grammaticalmente corretta. Tuttavia, ""nel tempo medesimo"" potrebbe essere migliorato con ""nello stesso momento"" o ""nello stesso periodo"".

3. **Lessico e struttura sintattica**: Il lessico è naturale e adatto a un lettore contemporaneo italiano. Tuttavia, ""signore della republica"" potrebbe essere più chiaro come ""signore della repubblica"". 

4. **Termini arcaici**: ""Ripresa"" e ""medesimo"" sono termini arcaici che sono stati correttamente sostituiti con ""scontata"" e ""stesso momento"".

5. **Tono e stile**: Il tono è moderno e scorrevole, ma potrebbe essere ancora più fluido. ""In questo modo"" potrebbe essere sostituito con ""così"" o ""in tal modo"".

6. **Costrutti rigidi**: Non ci sono costrutti rigidi o troppo fedeli all'originale antico. Tuttavia, ""nel tempo medesimo"" potrebbe essere meno rigido.

7. **Riferimenti storici e culturali**: Il riferimento alla ""repubblica"" è stato correttamente mantenuto, ma potrebbe essere più chiaro se specificato quale repubblica si riferisce (ad esempio, ""la Repubblica di Venezia"").

**Valutazione finale**: 8/10

La traduzione è buona, ma ha alcune piccole variazioni che potrebbero migliorare l'efficacia e la fluidezza. La correzione dei termini arcaici e la pulizia del linguaggio potrebbero portare a una valutazione più alta.","A Milano era stata scontata la maldicenza di una donna mediante una tale bugia, nello stesso momento del signore della repubblica, in tal modo:"
Brunetto Latini,1294,fior.,"Nella quale battaglia, certo io ebbi sempre ardire di ragionare di pace e sempre mi dolfi che non solamente la pace era schifata,","Nella quale battaglia, certo io ho sempre avuto l'ardire di parlare di pace, e mi dispiace che non solo la pace sia stata respinta,","Per valutare questa traduzione, esaminerò attentamente i punti richiesti:

1. **Significato**: Il significato della frase originale è stato rispettato. Tuttavia, ""dolfi"" (mi dispiace) è un termine archaico che non è più utilizzato nel linguaggio quotidiano italiano moderno. Invece, ""mi dispiace"" è un termine più appropriato e comune.

2. **Grammatica**: La frase è grammaticalmente corretta. Tuttavia, ""avere l'ardire di parlare"" potrebbe essere migliorato per essere più naturale. Potrebbe essere più chiaro dire ""ho sempre avuto l'ardire di parlare"".

3. **Lessico e struttura sintattica**: Il lessico è adatto a un lettore contemporaneo italiano. Tuttavia, ""schifata"" è un termine archaico che non è più utilizzato. ""Respinta"" è un termine più moderno e appropriato.

4. **Termini arcaici**: ""Dolfi"" e ""schifata"" sono stati sostituiti con ""mi dispiace"" e ""respinta"", rispettivamente. Queste sostituzioni sono appropriate.

5. **Tono e stile**: Il tono è moderno e scorrevole. Tuttavia, ""Nella quale battaglia"" potrebbe essere meno formale e più semplice come ""Nella battaglia"".

6. **Costrutti rigidi**: Non sono stati presentati costrutti rigidi o troppo fedeli all'originale antico. Tuttavia, ""certaine battaglie"" potrebbe essere più semplice come ""battaglie"".

7. **Riferimenti storici e culturali**: Il riferimento alla ""pace"" è stato mantenuto, ma il contesto storico e culturale potrebbe essere meno chiaro per un lettore moderno. 

**Valutazione finale**: 
La traduzione è buona, ma non perfetta. Ha rispettato il significato, è grammaticalmente corretta e il lessico è adatto. Tuttavia, alcuni termini archaici non sono stati sostituiti completamente e alcune forme di espressione potrebbero essere più moderne. La struttura sintattica potrebbe essere migliore e il tono potrebbe essere più semplice. In generale, la traduzione è di alta qualità, ma ha spazio per miglioramenti.","Nella battaglia, certo io ho sempre avuto l'ardire di parlare di pace, e mi dispiace che la pace sia stata respinta."
Giovanni da San Miniato,1415,tosc.,Unde ragionevolemente Iob è interpretato dolente;,Per cui ragionevolmente Isacco è interpretato come colpevole.,"Per valutare questa traduzione, esamineremo attentamente tutti gli aspetti richiesti:

1. **Significato**: Il significato della frase originale è stato rispettato. ""Unde ragionevolemente"" si traduce correttamente con ""Per cui ragionevolmente"", mantenendo il senso di ragionamento logico. ""Iob è interpretato dolente"" diventa ""Isacco è interpretato come colpevole"". Tuttavia, ""dolente"" può essere un po' troppo negativo rispetto al significato originale, che potrebbe essere più vicino a ""triste"" o ""sconsolato"".

2. **Grammatica**: La frase è grammaticalmente corretta. Il tempo verbale è corretto (""è interpretato""), la punteggiatura è corretta e l'accordo morfologico è adeguato.

3. **Lessico e struttura sintattica**: Il lessico è naturale e adatto a un lettore contemporaneo italiano. La struttura sintattica è semplice e chiara, ma potrebbe essere migliorata leggermente per rendere il testo più fluido.

4. **Sostituzione dei termini arcaici**: I termini arcaici sono stati sostituiti con equivalenti moderni appropriati. ""Dolente"" è sostituito con ""colpevole"", che è un termine moderno e più comune per descrivere la condanna o la percezione di colpa.

5. **Tono e stile**: Il tono è moderno e scorrevole, ma potrebbe essere più fluido. Il testo sembra più formale del necessario per un testo moderno, forse dovrebbe essere più diretto.

6. **Costrutti rigidi o fedeli all'originale**: Non ci sono costrutti rigidi o fedeli all'originale. La traduzione è abbastanza fluida e moderna.

7. **Riferimenti storici o semantici**: Il riferimento storico alla figura di Isacco (probabilmente Isacco da Genova) è stato mantenuto, ma potrebbe essere chiarito nel testo per chi non sia ben informato sul contesto letterario.

**Valutazione finale**: 8/10

La traduzione è buona, ma potrebbe essere migliorata per un tono più diretto e fluido. Il significato è stato rispettato, ma il termine ""colpevole"" potrebbe essere meno adatto al significato originale, che potrebbe essere più vicino a ""triste"" o ""sconsolato"".",Per cui ragionevolmente Isacco viene interpretato come triste.
Giovanni da San Miniato,1415,tosc.,"Io spero in messer Iesù di mandare tosto a voi Timoteo, acciocché io sia d'animo buono","Spero che messer Iesù mi invii subito Timoteo, così da potermi sentire in pace.","Per valutare questa traduzione, esaminerò attentamente i punti richiesti:

1. **Significato**: 
   - La traduzione ha mantenuto il significato generale della frase originale. Tuttavia, ""spero in messer Iesù"" potrebbe essere considerato un po' troppo formale per un contesto moderno. In italiano moderno, sarebbe più naturale dire ""prego Gesù"" o semplicemente ""vorrei"".

2. **Grammatica**:
   - La frase è grammaticalmente corretta. Tuttavia, ""Timoteo"" dovrebbe essere scritto in minuscolo, dato che è un nome comune. ""Spero che"" è corretto, ma ""spero che messer Iesù mi invii"" potrebbe essere più naturale.

3. **Lessico e struttura sintattica**:
   - Il lessico è adatto a un lettore contemporaneo italiano. Tuttavia, ""spero che"" potrebbe essere meno formale del necessario, dato che si tratta di un'invocazione religiosa.

4. **Termini arcaici**:
   - ""messer"" è stato correttamente sostituito con ""messer"", che è un termine moderno per ""signor"". ""acciocché"" è stato correttamente tradotto con ""così da"".

5. **Tono e stile**:
   - Il tono è moderno e scorrevole, ma potrebbe essere più formale. ""Spero che"" potrebbe essere meno formale, dato che si tratta di un'invocazione religiosa.

6. **Costrutti rigidi**:
   - Non ci sono costrutti rigidi o troppo fedeli all'originale antico. Tuttavia, ""spero che messer Iesù mi invii"" potrebbe essere meno formale.

7. **Riferimenti storici e culturali**:
   - Il riferimento a ""messer Iesù"" è stato correttamente interpretato e adattato al contesto moderno. Tuttavia, ""Timoteo"" potrebbe essere meno chiaro per un lettore moderno, dato che è un nome comune.

**Valutazione finale**:
La traduzione è abbastanza buona, ma potrebbe essere migliorata per essere più naturale e formale nel contesto moderno. Potrebbe essere migliorata sostituendo ""spero che messer Iesù mi invii"" con ""prego Gesù di inviare a te Timoteo"". Inoltre, ""Timoteo"" potrebbe essere sostituito con un altro nome più familiare se possibile.","Prego Gesù di inviare a te Timoteo, così da potermi sentire in pace."
Bono Giamboni,1292,fior.,uno luogo si mandano lancioni;  la quale cosa i cavalieri l' appellano capo di porco,Uno sparo viene sparato da un luogo; la cosa che i cavaliere chiamano capo di maiale.,"Per valutare questa traduzione, esaminerò attentamente tutti gli aspetti richiesti:

1. **Significato**: Il significato della frase originale è stato rispettato. La traduzione mantiene il concetto di un lancio di proiettile da un luogo e il riferimento alla parola ""capo di porco"" come sinonimo per ""capo di maiale"". Tuttavia, ""capo di porco"" è un termine molto crudele e non corrente nel linguaggio moderno, quindi potrebbe essere preferibile sostituire con ""capo di maiale"" o ""capo di maiale selvatico"".

2. **Grammatica**: La frase è grammaticalmente corretta. Tuttavia, la punteggiatura potrebbe essere migliorata. In italiano moderno, sarebbe più naturale scrivere ""Uno sparo viene sparato da un luogo; la cosa che i cavaliere chiamano capo di maiale.""

3. **Lessico e struttura sintattica**: Il lessico è adatto a un lettore contemporaneo italiano. La struttura sintattica è chiara e leggibile. Tuttavia, ""luogo"" potrebbe essere meno specifico del termine arcaico ""posto"", che potrebbe essere più chiaro per un lettore moderno.

4. **Termini arcaici**: I termini ""luogo"" e ""cavaliere"" sono stati mantenuti, ma ""capo di porco"" è stato sostituito con ""capo di maiale"", che è più appropriato e moderno.

5. **Tono e stile**: Il tono è moderno e scorrevole. Tuttavia, potrebbe essere più fluido se si mantenesse la struttura della frase originale, con la punteggiatura cambiata.

6. **Costrutti rigidi**: Non ci sono costrutti rigidi o troppo fedeli all'originale antico. La traduzione è fluida e moderna.

7. **Riferimenti storici e culturali**: Il riferimento alla parola ""capo di porco"" è stato correttamente interpretato e adattato al contesto moderno. Tuttavia, ""capo di porco"" è un termine molto crudele, quindi potrebbe essere preferibile sostituire con ""capo di maiale"" o ""capo di maiale selvatico"".

**Valutazione finale**: 
La traduzione è buona, ma può essere migliorata in alcuni punti. Rispetta il significato, è grammaticalmente corretta, usa un lessico adatto e mantiene un tono moderno. Tuttavia, potrebbe essere più precisa nella scelta dei termini e più fluida nella struttura sintattica. Una versione migliore potrebbe essere: ""Uno sparo viene sparato da un luogo; la cosa che i cavaliere chiamano capo di maiale.""",Uno sparo viene sparato da un luogo; la cosa che i cavaliere chiamano capo di maiale.
Bono Giamboni,1292,fior.,"Dio, per la quale si dispensano et iudicano tutte le cose.","Dio, per cui tutte le cose sono dispensate e giudicate.","Per valutare questa traduzione, esaminerò attentamente tutti gli aspetti richiesti:

1. **Significato**: Il significato della frase originale è stato rispettato. ""Dio, per la quale"" si traduce correttamente come ""Dio, per cui"", mantenendo il significato di Dio come fonte e giudice di tutto ciò che accade.

2. **Grammatica**: La frase è grammaticalmente corretta. Il tempo verbale è corretto (presente) e la punteggiatura è adeguata.

3. **Lessico e struttura sintattica**: Il lessico è naturale e adatto a un lettore contemporaneo italiano. La struttura sintattica è semplice e chiara, senza costrutti rigidi.

4. **Sostituzione dei termini arcaici**: I termini arcaici sono stati sostituiti con equivalenti moderni appropriati. ""Et iudicano"" è stato correttamente tradotto come ""sono giudicate"".

5. **Tono e stile**: Il tono è moderno e scorrevole, simile a un testo scritto oggi. Il linguaggio è fluido e facile da leggere.

6. **Costrutti rigidi**: Non sono presenti costrutti rigidi o troppo fedeli all'originale antico. La traduzione è fluida e moderna.

7. **Riferimenti storici e culturali**: Il riferimento alla figura di Dio come fonte e giudice di tutto è stato correttamente interpretato e adattato al contesto moderno. 

8. **Accordi morfologici**: I concorsi morfologici sono corretti. Il genere e il numero sono adeguatamente mantenuti.

In conclusione, la traduzione proposta è molto buona e rispetta tutti gli aspetti richiesti. È accurata, grammaticalmente corretta, naturale e adatta a un lettore contemporaneo italiano. Ha mantenuto il significato originale e ha evitato i costrutti rigidi, mantenendo un tono moderno e scorrevole. La traduzione è adeguata sia dal punto di vista linguistico che storico-culturale. La valutazione finale sarebbe quindi alta, probabilmente tra 9/10.","Dio, per cui tutte le cose sono dispese e giudicate."
Fatti de' Romani (H+R),1313,fior.,"Quando li serpenti invellenava di giorno alcuno Romano, allora iera la maraviglia a vedere come li Psille si combattevano al veleno, ché elli imolavano tutto inazzi della loro salive","Quando i serpenti attizzava il giorno qualcuno romano, allora era la meraviglia vedere come i Plesiochiini si combattero per il veleno, poiché li uccidevano completamente con la loro saliva.","La traduzione proposta risulta essere di alta qualità, ma ci sono alcuni punti da migliorare per rendere la traduzione ancora più naturale e adeguata al contesto moderno. Ecco una valutazione dettagliata:

1. **Significato**: Il significato della frase originale è stato rispettato, mantenendo l'idea centrale del combattimento tra i serpenti per il veleno. Tuttavia, alcuni dettagli sono stati modificati o trasformati in modo che sembrino più naturali nel contesto moderno.

2. **Grammatica**: La frase è grammaticalmente corretta, con tempi verbali, punteggiatura e accordi morfologici appropriati. Tuttavia, la forma ""imolavano"" potrebbe essere considerata un po' troppo formale per un contesto moderno.

3. **Lessico e struttura sintattica**: Il lessico è adatto a un lettore contemporaneo italiano, ma alcuni termini come ""Plesiochiini"" potrebbero apparire un po' sconosciuti. Inoltre, la struttura sintattica è leggermente più complessa del necessario, rendendo la frase un po' difficile da leggere.

4. **Termini arcaici**: I termini arcaici come ""serpenti"", ""Psille"" e ""imolavano"" sono stati sostituiti con termini più moderni come ""serpenti"" e ""Plesiochiini"". Questa è una buona pratica, ma ""imolavano"" potrebbe essere sostituito con ""uccidevano"" per rendere la frase più semplice.

5. **Tono e stile**: Il tono è moderno e scorrevole, ma la frase potrebbe essere più fluida. L'uso di ""li"" invece di ""i"" potrebbe migliorare la fluibilità.

6. **Costrutti rigidi**: Non ci sono costrutti rigidi o troppo fedeli all'originale antico. Tuttavia, la frase potrebbe essere più diretta.

7. **Riferimenti storici e culturali**: Il riferimento alla ""Psille"" (probabilmente un errore ortografico per ""Plesiosauri"") è stato corretto, ma potrebbe essere meglio chiarito che si tratta di plesiosauri marinari.

8. **Interpretazione dei riferimenti storici e culturali**: Il riferimento al combattimento per il veleno è stato corretto, ma potrebbe essere più chiaro che si tratta di una competizione per il dominio territoriale o per le donne.

**Valutazione finale**: 9/10

La traduzione è molto buona, ma ha bisogno di qualche piccola modifica per migliorare la fluibilità e la semplicità. Sebbene sia una traduzione accurata dal punto di vista linguistico, potrebbe essere più facile da leggere se fosse un po' più diretta e fluida.","Quando i serpenti attizzavano il giorno qualcuno romano, allora era la meraviglia vedere come i plesiosauri si combattero per il veleno, poiché li uccidevano completamente con la loro saliva."
Filippo da Santa Croce,1323,tosc.,"notabile esemplo a ciascuno che si guardasse di fare e di pensar tradigione, il servo, il quale gli avea accusati, fu francato, e fugli donata grande quantità di moneta","Un esempio notevole per tutti chi si guardasse di fare e pensare tradizione, il servo che era stato accusato foi punito e liberato, ricevendo in cambio una grande quantità di denaro.","La traduzione proposta risulta essere relativamente accurata, ma ci sono alcune sfumature che potrebbero essere migliorate per rendere più naturale e contemporanea la frase. Ecco una valutazione dettagliata:

1. **Significato**: Il significato generale è stato mantenuto, ma alcuni dettagli sono stati modificati. Ad esempio, ""servo"" è stato sostituito con ""laborioso"", che non è un termine arcaico ma che potrebbe non essere del tutto appropriato nel contesto. ""Francato"" è stato sostituito con ""punito e liberato"", che sembra meno arcaico ma non è del tutto coerente con il contesto. Inoltre, ""fugli donata"" è stato trasformato in ""ricevendo in cambio"", che cambia leggermente il senso.

2. **Grammatica**: La frase è grammaticalmente corretta, ma ci sono piccoli errori di punteggiatura. La virgola dopo ""tradizione"" potrebbe essere eliminata per migliorare la fluidezza.

3. **Lessico e struttura sintattica**: Il lessico è più moderno e adatto a un lettore contemporaneo italiano, ma la struttura sintattica potrebbe essere migliore. L'ordine delle frasi potrebbe essere diverso per rendere la frase più fluida.

4. **Termini arcaici**: I termini arcaici sono stati sostituiti con parole moderne, ma alcuni potrebbero essere più appropriati. Ad esempio, ""servo"" potrebbe essere ""laborioso"" o ""lavoratore"".

5. **Tono e stile**: Il tono è moderno e scorrevole, ma potrebbe essere più simile al testo arcaico se si volesse mantenere un certo livello di formalità.

6. **Costrutti rigidi**: Non ci sono costrutti rigidi o troppo fedeli all'originale antico, ma potrebbero esserci miglioramenti.

7. **Riferimenti storici e culturali**: Il riferimento alla ""tradizione"" è stato mantenuto, ma potrebbe essere meglio chiarito nel contesto moderno. ""Moneta"" è stato sostituito con ""denaro"", che è più comune in italiano moderno.

8. **Evitazione di costrutti rigidi**: Questo è stato fatto, ma potrebbe essere ancora migliorato per rendere la frase più fluida.

**Valutazione finale**: 7/10

La traduzione è buona, ma ha bisogno di qualche miglioramento per essere completamente armoniosa con il contesto moderno. La struttura sintattica potrebbe essere ulteriormente ottimizzata per rendere la frase più fluida e naturale.","Un esempio notevole per tutti chi si guardasse di fare e pensare laborioso, il laborioso che era stato accusato fu punito e liberato, ricevendo in cambio una grande quantità di moneta."
Valerio Massimo (red. V1,1336,fior.,"mostroe massimamente le forze sue, dando lui re a questa cittade ne la quale nacque servo; al quale avvenne lunghissimamente lo imperio tenere","mostrò e massimamente esibì le sue forze, affidando questa città, nella quale era nato schiavo, al suo comando. Da quel momento, tenne lungamente l'impero.","La traduzione proposta risulta essere di alta qualità, ma ci sono alcune piccole correzioni e miglioramenti che potrebbero essere introdotti per rendere la traduzione ancora più naturale e adeguata al contesto moderno:

1. **Significato**: Il significato della frase originale è stato rispettato, mantenendo il senso di esibizione delle forze e l'affidamento della città al comando del traduttore. Tuttavia, ""re"" sembra un po' troppo formale per il contesto moderno, quindi ""comandante"" o ""capo"" potrebbe essere più appropriato.

2. **Grammatica**: La frase è grammaticalmente corretta, ma si potrebbe migliorare la punteggiatura per rendere la frase più leggibile. Ad esempio, ""Da quel momento"" dovrebbe essere separato da una virgola dal resto della frase.

3. **Lessico e struttura sintattica**: Il lessico è naturale e adatto a un lettore contemporaneo italiano. La struttura sintattica è anche molto buona, ma potrebbe essere ulteriormente ottimizzata per la fluidezza.

4. **Termini arcaici**: ""Massimamente"" è stato corretto con ""massimamente"", ma ""mostroe"" (probabilmente ""mostrò"") è stato corretto correttamente. Non c'è bisogno di sostituire altri termini arcaici, dato che ""mostrò"" è sufficiente.

5. **Tono e stile**: Il tono e lo stile sono moderni, scorrevoli e simili a un testo scritto oggi. Tuttavia, potrebbe essere utile aggiungere un po' di variazione per mantenere l'interesse del lettore.

6. **Costrutti rigidi**: Il testo è abbastanza fluido, ma potrebbe essere utile evitare alcuni costrutti rigidi o troppo fedeli all'originale antico. In questo caso, ""Da quel momento"" è un buon punto di partenza.

7. **Riferimenti storici e culturali**: Il riferimento alla ""città"" è chiaro, ma potrebbe essere utile specificare se si tratta di una città particolare o se si sta parlando di una città generica. Inoltre, ""servo"" è stato corretto con ""schiavo"", ma potrebbe essere utile specificare se si tratta di un servitore o di un schiavo.

**Valutazione finale**:
- **Significato**: 5/5
- **Grammatica**: 4/5
- **Lessico e struttura sintattica**: 4/5
- **Termini arcaici**: 5/5
- **Tono e stile**: 4/5
- **Costrutti rigidi**: 3/5
- **Riferimenti storici e culturali**: 4/5

**Commento finale**: La traduzione è di alta qualità e rispetta il significato originale. Le piccole correzioni suggerite potrebbero migliorare ulteriormente la fluidezza e la naturalezza del testo.","Mostrò e massimamente esibì le sue forze, affidando questa città, nella quale era nato schiavo, al suo comando. Da quel momento, tenne lungamente l'impero."
Bono Giamboni,1292,fior.,"Sicchè dolore è a udire, quando l' usare l' arme e la fatica ricusano, con grandissimo disonore come pecore essere","Quindi il dolore deriva quando l'uso dell'arma e la fatica vengono rifiutati, con un grande disonore di esser trattati come pecore.","Per valutare questa traduzione, esaminerò attentamente tutti gli aspetti richiesti:

1. **Significato**: Il significato generale è stato mantenuto, ma ci sono alcune sfumature che potrebbero essere state perse. Ad esempio, ""disonore"" è più debole del ""grande disonore"" originale. Tuttavia, la frase è chiara e leggibile.

2. **Grammatica**: La frase è grammaticalmente corretta. Il tempo verbale è corretto (presente), la punteggiatura è adeguata e i concordi morfologici sono corretti.

3. **Lessico e struttura sintattica**: Il lessico è naturale e adatto a un lettore contemporaneo italiano. La struttura sintattica è semplice e chiara, ma potrebbe essere più fluida.

4. **Sostituzione dei termini arcaici**: I termini arcaici come ""pecore"" sono stati correttamente sostituiti con ""pecore"", che è un termine moderno e appropriato.

5. **Tono e stile**: Il tono è moderno e scorrevole, ma potrebbe essere più fluido. Il testo sembra più diretto e meno formale del testo originale.

6. **Costrutti rigidi**: Non ci sono costrutti rigidi o troppo fedeli all'originale antico. La traduzione è più diretta e immediata.

7. **Riferimenti storici e culturali**: Il riferimento alla ""pecora"" come simbolo di ignoranza o ignoranza è stato correttamente interpretato e adattato al contesto moderno. Tuttavia, potrebbe essere utile aggiungere una breve nota sul significato simbolico della ""pecora"" nel testo originale.

**Valutazione finale**: 8/10

La traduzione è molto buona, ma ha un po' di spazio per migliorare in termini di fluidezza e in alcuni aspetti del tono. Potrebbe essere utile aggiungere una breve nota sul significato simbolico della ""pecora"" nel testo originale per rendere il testo ancora più chiaro e coinvolgente per un lettore moderno.","Quindi il dolore deriva quando l'uso dell'arma e la fatica vengono rifiutati, con un grande disonore di esser trattati come pecore. Nota: In questo contesto, ""pecore"" rappresenta simbolicamente l'ignoranza o la mancanza di valore."
T. Alderotti (?),1295,fior.,"udire di belle novelle et odorare di belli fiori, come et quando et quanto si conviene","udire novelle belle e odorare fiori splendidi, quando, quanto si conviene.","La valutazione critica della traduzione proposta rispetto alla frase originale (italiano arcaico) è la seguente:

1. **Significato**: La traduzione ha mantenuto il significato generale della frase originale. Tuttavia, alcuni dettagli sono stati trascurati. Ad esempio, ""udire di belle novelle"" potrebbe essere interpretato come ""udire le novelle belle"", mentre ""odorare di belli fiori"" potrebbe essere più leggermente diverso da ""odorare fiori splendidi"". Inoltre, ""et quanto si conviene"" è stato ridotto a ""quando, quanto si conviene"", che potrebbe non essere del tutto equivalente.

2. **Grammatica**: La frase è grammaticalmente corretta, ma manca di alcuni elementi che rendono la lingua più fluida e naturale. Per esempio, l'uso di ""et"" (e) può essere meno chiaro nella versione moderna.

3. **Lessico e struttura sintattica**: Il lessico è adatto a un lettore contemporaneo italiano, ma la struttura sintattica potrebbe apparire un po' formale o rigida. La frase è stata ridotta in modo che possa essere letta facilmente, ma potrebbe mancare di quella delicatezza e di quell'armonia tipiche del linguaggio arcaico.

4. **Termini arcaici**: I termini arcaici sono stati sostituiti con equivalenti moderni, ma alcuni potrebbero non essere del tutto corretti o naturali. Ad esempio, ""novelle"" è un termine moderno, mentre ""belle novelle"" potrebbe essere più appropriato.

5. **Tono e stile**: Il tono è moderno e scorrevole, ma potrebbe mancare di quella delicatezza e di quella certezza del tono arcaico. La versione moderna è più diretta e immediata.

6. **Costrutti rigidi**: Non sono stati evitati costrutti rigidi o troppo fedeli all'originale antico. Questo è comprensibile dato che la traduzione mira a rendere il testo accessibile, ma potrebbe non essere del tutto fedele al tono e al linguaggio dell'originale.

7. **Riferimenti storici e culturali**: I riferimenti storici e culturali sono stati interpretati correttamente e adattati al contesto moderno. Tuttavia, alcuni dettagli potrebbero essere meno evidenti per un lettore moderno, come il significato preciso di ""novelle belle"" o ""fiori splendidi"".

**Punteggio finale**: 8/10

La traduzione è abbastanza accurata dal punto di vista del significato e della grammatica, ma manca di quella delicatezza e di quella certezza del tono arcaico. Potrebbe essere migliorata ulteriormente per mantenere un equilibrio tra la naturalezza del linguaggio moderno e la fedeltà al significato dell'originale.","udire belle novelle e odorare fiori splendidi, quando, quanto si conviene."
Bono Giamboni,1292,fior.,"quando nella matricola si scrivono giurano per Dio, e per Cristo, e per lo Spirito Santo","Quando nella matricola si scrivono giuramenti a Dio, a Cristo e allo Spirito Santo.","Per valutare questa traduzione, esaminerò attentamente i punti richiesti:

1. **Significato**: Il significato della frase originale è stato rispettato. Tuttavia, ""giurano"" potrebbe essere meno appropriato del ""giuramenti"" visto che l'originale indica più una promessa o un'affermazione che non un atto formale di giuramento. Inoltre, ""per"" viene usato in modo diverso, ma il significato generale è mantenuto.

2. **Grammatica**: La frase è grammaticalmente corretta. Il tempo verbale è corretto (presente), la punteggiatura è corretta e l'accordo morfologico è adeguato (genere singolare).

3. **Lessico e struttura sintattica**: Il lessico è naturale e adatto a un lettore contemporaneo italiano. La struttura sintattica è chiara e semplice, ma potrebbe essere migliorata per rendere il testo più fluido.

4. **Sostituzione dei termini arcaici**: I termini ""giurano"" e ""per"" sono stati sostituiti con ""giuramenti"" e ""a"", rispettivamente. Questa sostituzione è appropriata e rende il testo più moderno.

5. **Tono e stile**: Il tono è moderno e scorrevole, ma potrebbe essere migliorato per essere più simile a un testo scritto oggi. Potrebbe essere necessario qualche piccola modifica per rendere il testo ancora più fluido.

6. **Costrutti rigidi, impersonali o fedeli all'originale**: Non ci sono costrutti rigidi o impersonali. La traduzione è diretta e immediata, ma potrebbe essere più fluida.

7. **Riferimenti storici, culturali o semantici**: Il riferimento alla matricola (probabilmente un documento di iscrizione) è stato mantenuto, ma potrebbe essere chiarito nel contesto. Il riferimento a Dio, Cristo e allo Spirito Santo è stato correttamente interpretato e adattato al contesto moderno.

**Valutazione finale**: 8/10

La traduzione è molto buona, ma potrebbe essere migliorata per essere ancora più fluida e immediata. Ad esempio, potrebbe essere utile sostituire ""si scrivono giuramenti"" con ""si fanno giuramenti"" per rendere il testo ancora più moderno.","Quando si fanno giuramenti a Dio, a Cristo e allo Spirito Santo nella matricola."
Cavalca,1308,tosc.,"Non voglio, che insuperbischi per lo santo proposito, e voto della verginità vedendo le sue laudi","Non voglio che si insulti per il sacro proposito, vedendo le sue lodi per la purezza della verginità.","Per valutare questa traduzione, esamineremo attentamente tutti gli aspetti richiesti:

1. **Significato**: 
   - La traduzione ha mantenuto il significato generale della frase originale, ma c'è una piccola differenza. L'originale parla di ""insuperbischi"" (insultare) per ""lo santo proposito"", mentre la traduzione dice ""si insulti"". Questo può essere considerato un errore, poiché l'originale sembra suggerire un comportamento ostile o sprezzante verso qualcosa di sacro, mentre la traduzione sembra dire semplicemente che qualcuno si insulta. Tuttavia, dato che il significato principale è mantenuto, possiamo considerarlo un punto positivo.

2. **Grammatica**:
   - La frase è grammaticalmente corretta. Il tempo verbale è corretto (presente), la punteggiatura è corretta e i concorsi morfologici sono adeguati.

3. **Lessico e struttura sintattica**:
   - Il lessico è naturale e adatto a un lettore contemporaneo italiano. La struttura sintattica è chiara e leggibile.

4. **Sostituzione dei termini arcaici**:
   - I termini arcaici sono stati sostituiti con equivalenti moderni appropriati. ""Insuperbischi"" è stato correttamente tradotto come ""si insulti"".

5. **Tono e stile**:
   - Il tono e lo stile sono moderni, scorrevoli e simili a un testo scritto oggi. La frase è fluida e facile da leggere.

6. **Costrutti rigidi, impersonali o fedeli all'originale**:
   - Non ci sono costrutti rigidi o impersonali. La traduzione è diretta e immediata, mantenendo il tono originale senza diventare troppo formale.

7. **Riferimenti storici, culturali o semantici**:
   - I riferimenti storici e culturali sono stati interpretati correttamente e adattati al contesto. ""Lo santo proposito"" è stato correttamente tradotto come ""sacro proposito"", e ""le sue laudi"" è stato adeguatamente tradotto come ""le sue lodi"".

**Conclusione**:
La traduzione proposta è molto buona e risulta efficace dal punto di vista linguistico. Ha mantenuto il significato principale, è grammaticalmente corretta, il lessico è naturale e adatto, e ha evitato i costrutti rigidi. Tuttavia, ci sono piccole differenze nel tono e nella specifica interpretazione del significato, che potrebbero essere migliorate per assicurare che la traduzione sia perfettamente ispirata all'originale.","Non voglio che si insulti per il sacro proposito, vedendo le sue lodi per la purezza della verginità."
Cavalca,1330,tosc.,Gregorio. Non udii mai che egli avesse maestro; ma il dono dello Spirito Santo non si può stringere a legge.,Gregorio. Non ho mai sentito parlare di un suo maestro; ma il dono dello Spirito Santo non può essere limitato da leggi.,"Per valutare questa traduzione, esaminerò attentamente i punti richiesti:

1. **Significato**: Il significato della frase originale è stato rispettato. La traduzione mantiene l'idea che Gregorio non abbia mai avuto un maestro e che il dono dello Spirito Santo non può essere limitato da leggi.

2. **Grammatica**: La frase è grammaticalmente corretta. Teme verbali, punteggiatura e accordi morfologici sono adeguati.

3. **Lessico e struttura sintattica**: Il lessico è naturale e adatto a un lettore contemporaneo italiano. La struttura sintattica è semplice e chiara.

4. **Sostituzione dei termini arcaici**: I termini arcaici sono stati sostituiti con equivalenti moderni appropriati. ""Non udii mai"" diventa ""non ho mai sentito parlare"", ""maestro"" diventa ""maestro"", ""dono dello Spirito Santo"" rimane invariato, mentre ""legge"" diventa ""leggi"".

5. **Tono e stile**: Il tono è moderno, scorrevole e simile a un testo scritto oggi. Il linguaggio è fluido e facile da comprendere.

6. **Costrutti rigidi, impersonali o fedeli all'originale antico**: Non sono presenti costrutti rigidi o impersonali. La traduzione è diretta e immediata.

7. **Riferimenti storici, culturali o semantici**: Il riferimento alla legge è stato interpretato correttamente. ""Legge"" in questo contesto sembra riferirsi alle norme o regole, non necessariamente al concetto religioso di legge.

**Valutazione finale**: 9/10

La traduzione è molto buona, ma c'è un piccolo punto di miglioramento. Potrebbe essere più chiaro nel riferire se ""legge"" si riferisce alla legge religiosa o alla legge generale. In alcuni contesti, potrebbe essere utile specificare ""legge religiosa"" o ""norme"". Tuttavia, la traduzione è efficace e rispetta accuratamente il significato e la struttura della frase originale.",Gregorio. Non ho mai sentito parlare di un suo maestro; ma il dono dello Spirito Santo non può essere limitato dalle leggi.
Bono Giamboni,1292,fior.,"e, cosa che anche è più grave, cioè essere preso, o vero fuggire, e suo Comune lasciare vincere.","E, cosa ancora più grave, essere preso ou fugge et lascia vincere il suo comune.","Per valutare questa traduzione, diamo attenzione a tutti gli aspetti richiesti:

1. **Significato**: La traduzione ha mantenuto il significato generale della frase originale, ma presenta alcune sfide. ""E, cosa che anche è più grave"" diventa ""E, cosa ancora più grave"", che è un buon tentativo di mantenere l'importanza del punto. Tuttavia, ""essere preso"" e ""vero fuggire"" non sono esattamente equivalenti alla frase arcaica. ""Preso"" potrebbe essere interpretato come ""catturato"", mentre ""fuggire"" non è esatto per ""fuggire"". ""Lasciare vincere"" è un termine arcaico che dovrebbe essere sostituito con qualcosa di più moderno.

2. **Grammatica**: La frase è grammaticalmente corretta, ma manca di alcuni elementi necessari per rendere la frase naturale. L'uso di ""ou"" (o) non è corretto in italiano moderno.

3. **Lessico e struttura sintattica**: Il lessico è abbastanza naturale, ma la struttura sintattica non è perfettamente adatta al linguaggio moderno. La frase sembra un po' complessa e difficile da leggere.

4. **Termini arcaici**: ""Comune"" è stato corretto, ma ""essere preso"" e ""fuggire"" non sono corretti. ""Lasciare vincere"" è stato sostituito con ""lasciare vincere"", che è un termine arcaico che dovrebbe essere sostituito con qualcosa di più moderno.

5. **Tono e stile**: Il tono è moderno, ma la frase è troppo formale e rigida. Non è scorrevole come si potrebbe desiderare.

6. **Costrutti rigidi**: Ci sono alcuni costrutti rigidi, come ""essere preso"" e ""fuggire"", che dovrebbero essere evitati.

7. **Riferimenti storici e culturali**: Non c'è evidenza di un errore nel riferimento storico o culturale, ma la frase non sembra avere un senso immediato per un lettore moderno.

**Valutazione finale**: 2/5

La traduzione cerca di mantenere il significato generale, ma presenta molti problemi di significato specifico, struttura sintattica, lessico e tono. È necessario un approccio più accurato per rendere la frase arcaica moderna e accettabile per un lettore contemporaneo.","E, cosa ancora più grave, essere catturato e fuggire e lasciare che il suo comune venga vinto."
Brunetto Latini,1260-61,fior.,"e l' acconciamento a fare grandissime cose, cioè a ttenere pace et amare Idio e 'l proximo, a ffare cittadi, castella e magioni","E l'acconciamento è ciò che permette grandi cose, cioè mantenere pace, amare Dio e il prossimo, ed allestire città, castelli e casticoli.","La traduzione proposta risponde bene a molte delle esigenze richieste nella valutazione, ma ci sono alcune sfumature che potrebbero essere migliorate per rendere la traduzione più naturale e adeguata al contesto contemporaneo. Ecco una valutazione dettagliata:

1. **Significato**: Il significato generale della frase originale è stato rispettato, ma alcuni dettagli specifici sono stati trascurati. Ad esempio, ""cittadi"" dovrebbe essere ""città"", mentre ""castella"" e ""magioni"" dovrebbero essere ""castelli"" e ""casticoli"" rispettivamente. Tuttavia, ""casticoli"" è un termine poco comune e potrebbe essere sostituito con ""casticoli"" o ""casticoli piccoli"".

2. **Grammatica**: La frase è grammaticalmente corretta, con tempi verbali corretti e punteggiatura appropriata. L'accordo morfologico è anche corretto, con il genere e il numero corretti.

3. **Lessico e struttura sintattica**: Il lessico è adatto a un lettore contemporaneo italiano, ma la struttura sintattica potrebbe essere migliore. La frase è stata ridotta in modo che possa sembrare più naturale, ma potrebbe essere più chiara se organizzata in modo diverso.

4. **Termini arcaici**: I termini arcaici sono stati sostituiti con termini moderni appropriati, ma ""magioni"" potrebbe essere meno chiaro del ""casticoli"". Potrebbe essere preferibile ""casticoli"" o ""casticoli piccoli"".

5. **Tono e stile**: Il tono e lo stile sono moderni e scorrevoli, ma potrebbero essere più fluidi. La frase sembra un po' formale, ma è coerente con il contesto arcaico.

6. **Costrutti rigidi**: Non ci sono costrutti rigidi o troppo fedeli all'originale antico. La traduzione è stata resa più fluida e moderna.

7. **Riferimenti storici e culturali**: I riferimenti storici e culturali sono stati interpretati correttamente e adattati al contesto. ""Cittadi"" è stato correttamente tradotto come ""città"", ""castella"" come ""castello"" e ""magioni"" come ""casticoli"".

8. **Accordi con il contesto**: Il contesto storico e culturale è stato mantenuto, ma potrebbe essere più chiaro. Ad esempio, ""cittadi"" dovrebbe essere ""città"" e ""magioni"" dovrebbe essere ""casticoli"".

**Valutazione finale**: 8/10

La traduzione è molto buona, ma potrebbe essere ulteriormente ottimizzata per rendere la struttura sintattica più fluida e chiara. Inoltre, ""magioni"" potrebbe essere sostituito con ""casticoli"" o ""casticoli piccoli"" per rendere la frase ancora più naturale.","E l'acconciamento è ciò che permette grandi cose, cioè mantenere pace, amare Dio e il prossimo, ed allestire città, castelli e casticoli."
Chiose a Valerio Massimo (D - L. I-V),1346,tosc.,"Questi due, volendo contra la voglia del senato dimorare ne l'ufficio del tribunato, furono morti da la plebe, incitandola i padri coscritti.","Questi due, volendo contravvenire alla volontà del consiglio, abbandonarono il loro ufficio di tribuno e furono uccisi dalla plebe, incitata dai senatori coscritti.","La traduzione proposta presenta alcune buone qualità ma anche alcune sfide. Ecco una valutazione dettagliata:

1. **Significato**: Il significato generale è stato mantenuto, ma ci sono alcuni elementi che potrebbero essere migliorati. Ad esempio, ""volendo contra la voglia"" è stato trasformato in ""volendo contravvenire alla volontà"", che è più chiaro ma meno diretto. Tuttavia, ""voglia del senato"" è stato adeguatamente ridotto a ""volontà del consiglio"".

2. **Grammatica**: La frase è grammaticalmente corretta, con tempi verbali, punteggiatura e accordi morfologici corretti. Non vi sono errori notevoli in questo aspetto.

3. **Lessico e struttura sintattica**: Il lessico è naturale e adatto a un lettore contemporaneo italiano. La struttura sintattica è coerente e facile da leggere.

4. **Sostituzione dei termini arcaici**: I termini arcaici come ""tribunato"", ""plebe"", ""padri coscritti"" sono stati sostituiti con equivalenti moderni appropriati. Tuttavia, ""tribunato"" potrebbe essere meno comune di ""tribuno"" in contesti giornalistici o letterari moderni.

5. **Tono e stile**: Il tono è moderno e scorrevole, ma potrebbe essere più fluido. L'uso di ""furono uccisi"" invece di ""furono morti"" potrebbe sembrare un po' formale per un contesto più quotidiano.

6. **Costrutti rigidi o fedeli all'originale**: Il testo è più fluido rispetto all'originale, ma potrebbe essere ancora più modernizzato. L'uso di ""furono uccisi"" potrebbe essere meno comune in contesti giornalistici o letterari moderni.

7. **Riferimenti storici e culturali**: I riferimenti storici e culturali sono stati interpretati correttamente e adattati al contesto. ""Padri coscritti"" è un termine corretto per riferirsi ai senatori coscritti durante la Repubblica Fiorentina.

**Punteggio finale**: 8/10

La traduzione è molto buona, ma potrebbe essere ulteriormente migliorata per essere ancora più fluida e adatta al contesto moderno.","Questi due, desiderando contravvenire alla volontà del consiglio, abbandonarono il loro ufficio di tribuno e furono uccisi dalla plebe, incitata dai padri coscritti."
Fatti de' Romani (H+R),1313,fior.,"noi iscaciati e dipartiti per debito dela cittade, e tutti iscaciati da fama e da ventura buona.","Ciò che ci ha separati e divisi per debito della città, e tutti noi abbiamo perso la nostra fiducia e la nostra fortuna buona.","Per valutare questa traduzione, esamineremo attentamente i punti richiesti:

1. **Significato**: 
   - La traduzione ha mantenuto il significato generale della frase originale, ma non è perfettamente precisa. ""Iscaciati"" e ""dipartiti"" non sono esattamente corrispondenti. In italiano arcaico, ""iscacciarsi"" significa ""dividersi"", mentre ""dipartirsi"" indica ""separarsi"". ""Debito della città"" è corretto, ma ""debito"" non è esatto. In italiano arcaico, sarebbe più corretto dire ""per causa della città"" ou ""per onore della città"".

2. **Grammatica**:
   - La frase è grammaticalmente corretta, ma alcuni elementi potrebbero essere migliorati. Ad esempio, ""e tutti iscaciati da fama e da ventura buona"" non è grammaticalmente corretta. Potrebbe essere meglio ""e tutti noi abbiamo perso la nostra fiducia e la nostra fortuna buona"".

3. **Lessico e struttura sintattica**:
   - Il lessico è naturale e adatto a un lettore contemporaneo italiano, ma la struttura sintattica potrebbe essere migliore. La frase è complessa e potrebbe essere resa più semplice e chiara.

4. **Termini arcaici**:
   - Non tutti i termini arcaici sono stati sostituiti con termini moderni appropriati. ""Famiglia"" e ""ventura"" sono termini arcaici che potrebbero essere meno utilizzati oggi, ma ""fiducia"" e ""fortuna"" sono più vicini al significato originale.

5. **Tono e stile**:
   - Il tono è moderno e scorrevole, ma potrebbe essere più fluido. Il testo sembra più informale del necessario per la traduzione di un testo arcaico.

6. **Costrutti rigidi**:
   - Il testo è abbastanza moderno e scorrevole, ma potrebbe essere migliorato per essere più simile al linguaggio quotidiano italiano.

7. **Riferimenti storici e culturali**:
   - Il riferimento alla città e alla fiducia/fortuna buona è corretto, ma potrebbe essere più chiaro. ""Fortuna buona"" potrebbe essere meglio interpretato come ""buon auspicio"" o ""buona sorte"".

### Valutazione finale:
La traduzione è buona, ma non perfetta. Ha mantenuto il significato generale e la struttura sintattica è corretta. Tuttavia, la struttura della frase potrebbe essere migliorata per essere più fluida e chiara. Alcuni termini arcaici non sono stati sostituiti con termini moderni appropriati. Il tono è moderno, ma potrebbe essere più fluido. Il riferimento storico è corretto, ma potrebbe essere più chiaro. 

Una versione migliore potrebbe essere:

**Traduzione migliorata:**
Ciò che ci ha separati e divisi per causa della città, e tutti noi abbiamo perso la nostra fiducia e la nostra buona sorte.

Questa versione rispetta il significato, è grammaticalmente corretta, usa un lessico naturale e adatto, e mantiene un tono moderno e scorrevole.","Ciò che ci ha separati e divisi per causa della città, e tutti noi abbiamo perso la nostra fiducia e la nostra buona sorte."
Brunetto Latini,1260-61,fior.,contra lui e contra le sue sorelle  e contra il reame e contra l' alto pregio della sua ingenerazione e della sua familia,contro di lui e contro le sue sorelle e contro il regno e contro l'alta gloria della sua nascita e della sua famiglia.,"Per valutare questa traduzione, esaminerò attentamente i punti richiesti:

1. **Significato**: Il significato della frase originale è stato rispettato. Tuttavia, alcuni elementi specifici potrebbero essere meno chiari o meno precisamente tradotti. Ad esempio, ""ingenerazione"" potrebbe essere meno chiaro del ""nascita"", ma la traduzione proposta mantiene il concetto generale.

2. **Grammatica**: La frase è grammaticalmente corretta. Tuttavia, la punteggiatura potrebbe essere migliorata per rendere la frase più leggibile. Ad esempio, ""contro il regno"" potrebbe diventare ""contro il regno"" se fosse una singola frase.

3. **Lessico e struttura sintattica**: Il lessico è naturale e adatto a un lettore contemporaneo italiano. La struttura sintattica è coerente e facile da comprendere.

4. **Termini arcaici**: I termini arcaici sono stati sostituiti con termini moderni appropriati. ""Ingenerazione"" è stato correttamente sostituito con ""nascita"".

5. **Tono e stile**: Il tono e lo stile sono moderni, scorrevoli e simili a un testo scritto oggi. Tuttavia, potrebbe essere utile mantenere una certa formalità per mantenere l'ambiente letterario.

6. **Costrutti rigidi**: Non ci sono costrutti rigidi o troppo fedeli all'originale antico. La traduzione è fluida e moderna.

7. **Riferimenti storici e culturali**: I riferimenti storici e culturali sono stati interpretati correttamente e adattati al contesto. ""Regno"" è stato correttamente sostituito con ""regno"", che è un termine moderno e comune.

**Valutazione finale**: 8/10

La traduzione è molto buona, ma potrebbe essere migliorata in alcuni aspetti minori. La punteggiatura potrebbe essere migliore e potrebbe essere utile mantenere una certa formalità per mantenere l'ambiente letterario. Altrimenti, è una traduzione eccellente che rispetta il significato, la grammatica e il lessico dell'originale.","contro di lui, contro le sue sorelle, contro il regno, contro l'alta gloria della sua nascita e della sua famiglia."
Filippo da Santa Croce,1323,tosc.,"ne salìo in su l'argine del fosso, e in su lo steccato, se da alto si potessero difendere, o per alcuna maniera passare oltre e scampare.","Si arrischiò sul margine del fossato, poi sul recinto, se fosse stato possibile difendersi da lassù o trovare qualche modo per passare oltre e salvarsi.","La traduzione proposta risponde bene a molte delle esigenze richieste nella valutazione, ma ci sono alcuni punti che meritano ulteriori considerazioni:

1. **Significato**: Il significato della frase originale è stato mantenuto, ma con alcune modifiche minori. ""Ne salìo"" è stato sostituito con ""Si arrischiò"", che trasmette meglio l'idea di un'azione volontaria e rischiosa. ""Lo steccato"" è stato corretto a ""il recinto"", che è più comune nel linguaggio quotidiano italiano.

2. **Grammatica**: La frase è grammaticalmente corretta, con tempi verbali corretti e punteggiatura appropriata. Tuttavia, la struttura sintattica potrebbe essere un po' più fluida per rendere il testo ancora più naturale.

3. **Lessico e struttura sintattica**: Il lessico è adatto a un lettore contemporaneo italiano, ma potrebbe essere migliorato per una maggiore fluidità. L'uso di ""arrischiarsi"" anziché ""salire"" può sembrare un po' troppo moderno per il contesto arcaico, quindi ""si arrischiò"" è una scelta migliore.

4. **Termini arcaici**: I termini ""fosso"" e ""steccato"" sono stati corretti a ""fossato"" e ""recinto"", rispettivamente, che sono le forme moderne e più comuni.

5. **Tono e stile**: Il tono è moderno e scorrevole, ma potrebbe essere ancora più fluido. Il termine ""salire"" potrebbe essere sostituito con ""arrampicarsi"" per un effetto più vivace.

6. **Costrutti rigidi**: Non ci sono costrutti rigidi o troppo fedeli all'originale antico. La frase è stata resa più immediata e diretta.

7. **Riferimenti storici e culturali**: Il riferimento al ""fossato"" e al ""recinto"" è stato adeguatamente interpretato e adattato al contesto moderno.

**Valutazione finale**: 8/10

La traduzione è molto buona, ma potrebbe essere migliorata per una maggiore fluidità e un tono ancora più moderno.","Si arrischiò sul margine del fossato, poi sul recinto, se fosse stato possibile difendersi da lassù o trovare qualche modo per passare oltre e salvarsi."
Bono Giamboni,1292,fior.,"Tarentini, i quali erano nati di quegli di Lacedemonia et facta da lloro nobile cittade de' Greci.","Tarentini, i quali erano nati dagli Spartani e avevano fondato una nobilissima città greca.","Per valutare questa traduzione, esaminerò attentamente tutti gli aspetti richiesti:

1. **Significato**: Il significato della frase originale è stato rispettato. Tarentini si riferisce a una popolazione proveniente da Tarento, che era una città grecica in Italia meridionale. ""Nati di Lacedemonia"" si riferisce ai Spartani, i popoli di origine lacedemoniana. ""Facta da lloro"" significa ""fatta da loro"", e ""nobile cittade"" si riferisce a una città importante. La traduzione proposta mantiene questi elementi essenziali.

2. **Grammatica**: La frase è grammaticalmente corretta. Il tempo verbale è corretto (passato perfetto), la punteggiatura è appropriata e il concorso morfologico è adeguato (genere singolare).

3. **Lessico e struttura sintattica**: Il lessico è naturale e adatto a un lettore contemporaneo italiano. La struttura sintattica è chiara e semplice, mantenendo la fluidezza del testo originale.

4. **Sostituzione dei termini arcaici**: I termini arcaici sono stati sostituiti con equivalenti moderni appropriati. ""Facta da lloro"" è stato correttamente tradotto come ""fatta da loro"", ""nobile cittade"" è stato sostituito con ""città importante"".

5. **Tono e stile**: Il tono è moderno e scorrevole, simile a un testo scritto oggi. Il linguaggio è fluido e facile da leggere.

6. **Costrutti rigidi, impersonali o fedeli all'originale antico**: Non sono presenti costrutti rigidi o impersonali. La traduzione è diretta e immediata, evitando tecnicismi o formalismi.

7. **Riferimenti storici, culturali o semantici**: I riferimenti storici e culturali sono stati interpretati correttamente e adattati al contesto. ""Lacedemonia"" si riferisce alla Sparta, ""Greci"" si riferisce ai greci, e ""Tarento"" è una città specifica in Italia meridionale.

**Valutazione finale**: 9/10

La traduzione è molto buona e mantiene il significato originale, ma potrebbe essere migliorata in alcuni punti minori. Ad esempio, ""nobile cittade"" potrebbe essere più specifico, come ""città importante di origine lacedemoniana"". In generale, la traduzione è eccellente e mantiene la complessità e la precisione del testo originale.","Tarentini, i quali erano nati dagli Spartani e avevano fondato una città importante di origine lacedemoniana."
Bono Giamboni,1292,fior.,"Alexandri, ciò è il genero e 'l figliuolo, da Phausonia, gentile iovane di Macedonia, stando in uno luogo strecto sanza guardia, fue morto.","Alexandro, era tanto umano quanto il figlio e il genero di Phausonia, una giovane gentile di Macedonia, mentre si trovava in un luogo stretto senza guardia, fu ucciso.","La traduzione proposta risulta essere di alta qualità, ma ci sono alcune piccole correzioni e miglioramenti che potrebbero essere introdotti per rendere la traduzione ancora più naturale e adeguata al contesto moderno:

1. **Significato**: Il significato della frase originale è stato rispettato, mantenendo l'idea di Alexandro come figlio e genero di Phausonia, e la descrizione del luogo in cui fu ucciso.

2. **Grammatica**: La frase è grammaticalmente corretta, con tempi verbali, punteggiatura e accordi morfologici appropriati.

3. **Lessico e Struttura Sintattica**: Il lessico è moderno e adatto a un lettore contemporaneo italiano. Tuttavia, ""stando"" può essere sostituito con ""mentre"" per rendere la frase più fluida.

4. **Termini Arcaici**: I termini arcaici sono stati sostituiti con equivalenti moderni appropriati.

5. **Tono e Stile**: Il tono è moderno e scorrevole, ma la frase potrebbe apparire un po' troppo formale. Potrebbe essere migliorata introducendo un particolare o un dettaglio più specifico.

6. **Costrutti Rigidi**: Non vi sono costrutti rigidi o troppo fedeli all'originale antico.

7. **Riferimenti Storici e Culturali**: Il riferimento a Phausonia come ""gentile giovane di Macedonia"" è adeguato e chiaro.

8. **Evitare Costrutti Rigidi**: La frase è già abbastanza fluida, ma potrebbe essere migliorata eliminando ""mentre"" e sostituendola con ""mentre"".

**Valutazione finale**:
- **Significato**: 5/5
- **Grammatica**: 5/5
- **Lessico e Struttura Sintattica**: 4/5 (potrebbe essere migliorata)
- **Termini Arcaici**: 5/5
- **Tono e Stile**: 4/5 (potrebbe essere migliorato)
- **Costrutti Rigidi**: 5/5
- **Riferimenti Storici e Culturali**: 5/5

**Commento finale**: La traduzione è molto buona, ma potrebbe essere migliorata eliminando ""mentre"" e sostituendola con ""mentre"", rendendo la frase più fluida e naturale. Allo stesso tempo, è importante mantenere un certo grado di formalità per rispecchiare il tono dell'originale arcaico.","Alexandro, era tanto umano quanto il figlio e il genero di Phausonia, una giovane gentile di Macedonia, mentre si trovava in un luogo stretto senza guardia, fu ucciso."
Grazia di Meo,1343,tosc.,"Alchuno è riccho e gentile, ma lamentasi che vorebbe avere altra moglie che quella ch'egli à.","Alcuni sono ricchi e gentili, ma lamentano di voler avere un'altra moglie oltre quella che hanno.","Per valutare questa traduzione, esaminerò attentamente i punti richiesti:

1. **Significato**: Il significato della frase originale è stato correttamente rispettato. La traduzione mantiene il concetto di alcuni individui che sono ricchi e gentili, ma che si lamentano di desiderare un'altra moglie oltre quella che hanno.

2. **Grammatica**: La frase è grammaticalmente corretta. Teme verbali, punteggiatura e accordi morfologici sono adeguati. L'uso del pluralo ""alcuni"" è appropriato nel contesto della frase.

3. **Lessico e struttura sintattica**: Il lessico è naturale e adatto a un lettore contemporaneo italiano. La struttura sintattica è semplice e chiara, mantenendo l'intenzione originale.

4. **Sostituzione dei termini arcaici**: I termini arcaici sono stati sostituiti con equivalenti moderni appropriati. ""Alchuno"" è stato correttamente trasformato in ""alcuni"", ""riccho"" in ""ricchi"", ""gentile"" in ""gentile"", ""moglie"" in ""moglie"" e ""voretti avere"" in ""voler avere"".

5. **Tono e stile**: Il tono è moderno, scorrevole e simile a un testo scritto oggi. La frase è fluida e facile da leggere.

6. **Costrutti rigidi, impersonali o fedeli all'originale**: Non sono presenti costrutti rigidi o impersonali. La traduzione è diretta e immediata, evitando tecnicismi o modi di espressione troppo fedeli all'originale.

7. **Riferimenti storici, culturali o semantici**: Il riferimento alla desiderio di un'altra moglie oltre quella che si ha è stato correttamente interpretato e adattato al contesto. Il termine ""moglie"" è stato usato in senso moderno, senza rimanere legato al significato specifico dell'epoca arcaica.

**Valutazione finale**: 9/10

La traduzione è molto buona, ma potrebbe essere migliorata in alcuni dettagli minori. Ad esempio, potrebbe essere utile aggiungere un aggettivo per descrivere meglio ""alcuni"", come ""alcuni ricchi e gentili"". Inoltre, potrebbe essere interessante mantenere un po' più di precisione nella descrizione del desiderio, per esempio ""lamentano di voler avere un'altra moglie oltre quella che hanno"" anziché ""lamentano di voler avere un'altra moglie oltre quella che hanno"". Tuttavia, considerando l'eccellente gestione dei concetti principali e delle strutture linguistiche, la valutazione finale è positiva.",Alcuni ricchi e gentili lamentano di voler avere un'altra moglie oltre quella che hanno.
Giovanni da San Miniato,1415,tosc.,"L'oro verrà dall'Aquilone. Che figuriamo noi per l'Aquilone, se non il populo Gentile congelato dal freddo del peccato, il qual populo tenne sotto il giogo della sua tirannia","L'oro verrà dall'Aquilone. Se consideriamo noi l'Aquilone, non è altro che il popolo gentile congelato dal freddo del peccato, il quale popolo ha sottoposto al suo giogo la tirannia.","La valutazione critica della traduzione proposta rispetto alla frase originale (italiano arcaico) è la seguente:

1. **Significato**: Il significato della frase originale è stato rispettato. Tuttavia, alcuni elementi sono stati trasformati o modificati in modo che possano essere più facilmente compresi da un lettore moderno. Ad esempio, ""L'oro verrà dall'Aquilone"" rimane invariato, ma ""che figuriamo noi per l'Aquilone"" è stata sostituita con ""Se consideriamo noi l'Aquilone"", che cambia leggermente il senso.

2. **Grammatica**: La frase è grammaticalmente corretta. Tuttavia, la punteggiatura potrebbe essere migliorata per rendere il testo più naturale. Ad esempio, ""il quale popolo ha sottoposto al suo giogo la tirannia"" potrebbe essere meglio scritto come ""il quale popolo ha sottoposto al suo giogo la tirannia"".

3. **Lessico e struttura sintattica**: Il lessico e la struttura sintattica sono naturali e adatti a un lettore contemporaneo italiano. Tuttavia, alcuni termini arcaici sono stati sostituiti con parole moderne, ma non sempre in modo perfetto. Ad esempio, ""congelato dal freddo del peccato"" è un termine moderno, mentre ""tirannia"" è un termine arcaico che potrebbe essere meno chiaro per un lettore moderno.

4. **Termini arcaici**: I termini arcaici sono stati sostituiti con termini moderni appropriati, ma alcuni possono apparire forti o poco naturali. Ad esempio, ""tirannia"" potrebbe essere meno chiaro per un lettore moderno rispetto a ""autoritarismo"" o ""dittatura"".

5. **Tono e stile**: Il tono e lo stile sono moderni, scorrevoli e simili a un testo scritto oggi. Tuttavia, la frase sembra un po' formale e rigida, specialmente nella seconda parte.

6. **Costrutti rigidi**: Non sono stati evitati costrutti rigidi o impersonali. Tuttavia, la frase è più fluida rispetto all'originale arcaico.

7. **Riferimenti storici e culturali**: I riferimenti storici e culturali sono stati interpretati correttamente e adattati al contesto. Tuttavia, alcuni riferimenti potrebbero essere meno chiari per un lettore moderno, come ""Aquilone"" e ""Gentile"".

**Punti di miglioramento**:
- **Punteggiatura**: ""il quale popolo ha sottoposto al suo giogo la tirannia"" potrebbe essere meglio scritto come ""il quale popolo ha sottoposto al suo giogo la tirannia"".
- **Termini arcaici**: ""tirannia"" potrebbe essere sostituito con ""autoritarismo"" o ""dittatura"" per rendere il testo più chiaro.
- **Formalità**: Potrebbe essere più naturale sostituire ""Se consideriamo noi l'Aquilone"" con ""Consideriamo l'Aquilone"" o ""L'Aquilone ci riguarda"".

In conclusione, la traduzione è buona ma può essere migliorata in alcuni punti per rendere il testo ancora più naturale e facile da comprendere per un lett","L'oro verrà dall'Aquilone. Consideriamo l'Aquilone, non è altro che il popolo gentile congelato dal freddo del peccato, il quale popolo ha sottoposto al suo giogo la tirannia."
